url,adultSore,racyScore,goreScore,isAdult
https://i.4cdn.org/b/1748034677735171.jpg,0.01055126358,0.0126967188,0.002535234205,0
http://i.4cdn.org/b/1748034534295978.jpg,0.01034590043,0.01252150163,0.0009613022557,0
http://i.4cdn.org/b/1748037625813702.jpg,0.006167831365,0.008645053022,0.002730495762,0
http://i.4cdn.org/b/1748036646514025.jpg,0.03618598729,0.03854002431,0.00567187462,0
http://i.4cdn.org/b/1748037765528183.jpg,0.00323331845,0.004689085297,0.001081107068,0
http://i.4cdn.org/b/1748037773908567.jpg,0.002618770115,0.003711736761,0.0006529351231,0
http://i.4cdn.org/b/1748037682937402.png,0.001364510972,0.002306503244,0.0005309495609,0
https://i.4cdn.org/b/1748037888731278.jpg,0.20928666,0.2567970753,0.01403655112,0
https://i.4cdn.org/b/1748038006806937.jpg,0.0433456935,0.9984866977,0.0003714779741,1
http://i.4cdn.org/b/1748145950471285.jpg,0.7034326791763306,0.9970793724060059,0.0007151580066420138,1
http://i.4cdn.org/b/1748146038420084.gif,0.0013269133633002639,0.0022309853229671717,0.0006871978403069079,0
http://i.4cdn.org/b/1748146099230132.jpg,0.3979766070842743,0.6147263050079346,0.026144109666347504,1
http://i.4cdn.org/b/1748145728622173.gif,0.9733610153198242,0.9920454621315002,0.0004773475229740143,1
http://i.4cdn.org/b/1748146006224996.jpg,0.032811835408210754,0.03618782013654709,0.0006486282218247652,0
http://i.4cdn.org/b/1748145732064308.png,0.014444270171225071,0.01702159456908703,0.004464324098080397,0
https://i.4cdn.org/b/1748152750901907.jpg,0.9959232807159424,0.9990696907043457,0.0002615124685689807,1
https://i.4cdn.org/b/1748152767119587.jpg,0.9782838821411133,0.9977577924728394,0.0003447054768912494,1
https://i.4cdn.org/b/1748152719314615.jpg,0.24421091377735138,0.9972991347312927,0.0005212113610468805,1
https://i.4cdn.org/b/1748152796127217.png,0.0013171720784157515,0.00227949395775795,0.0008011423051357269,0
https://i.4cdn.org/b/1748152755736487.jpg,0.03057246096432209,0.034152183681726456,0.0023442604579031467,0
https://i.4cdn.org/b/1748152777678962.jpg,0.005042880307883024,0.9841698408126831,0.0012642195215448737,0
https://i.4cdn.org/b/1748152780115535.jpg,0.006468161009252071,0.015299061313271523,0.0014781191712245345,0
https://i.4cdn.org/b/1748150744094643.jpg,0.955759584903717,0.9914301037788391,0.0009240945801138878,0
https://i.4cdn.org/b/1748152610216702.jpg,0.04532673954963684,0.048049505800008774,0.0032610329799354076,1
https://i.4cdn.org/b/1748152766006394.png,0.9849557280540466,0.9987507462501526,0.0003156577586196363,1
https://i.4cdn.org/b/1748152668872442.png,0.3517392873764038,0.9923601746559143,0.0009729962912388146,1
https://i.4cdn.org/b/1748152675919155.jpg,0.9906390905380249,0.9992372393608093,0.0002517637040000409,1
https://i.4cdn.org/b/1748152760801536.jpg,0.0013987529091536999,0.0024212223943322897,0.00046723001287318766,0
https://i.4cdn.org/b/1748152722135899.jpg,0.047132547944784164,0.9811468124389648,0.000725534453522414,1
https://i.4cdn.org/b/1748151429146799.jpg,0.9967942833900452,0.9986316561698914,0.00030819064704701304,1
https://i.4cdn.org/b/1748152267427806.jpg,0.006710927467793226,0.008992730639874935,0.000717631948646158,0
https://i.4cdn.org/b/1748152706647466.png,0.9946164488792419,0.9985761046409607,0.0003620669012889266,1
https://i.4cdn.org/b/1748152604937960.jpg,0.0218677781522274,0.9961274862289429,0.00045901586418040097,1
https://i.4cdn.org/b/1748152673296007.jpg,0.01863611303269863,0.021936466917395592,0.003515556687489152,0
https://i.4cdn.org/b/1748152651903139.png,0.9984739422798157,0.999355137348175,0.00022819379228167236,1
https://i.4cdn.org/b/1748152680173749.jpg,0.0006055274279788136,0.0011451039463281631,0.00044785282807424664,0
https://i.4cdn.org/b/1748152588859093.jpg,0.0034592917654663324,0.9986300468444824,0.00035530480090528727,1
https://i.4cdn.org/b/1748148258273892.jpg,0.4350771903991699,0.9980157613754272,0.0006960693281143904,1
https://i.4cdn.org/b/1748148277923021.jpg,0.2817971110343933,0.91969895362854,0.004240013193339109,1
https://i.4cdn.org/b/1748152608729887.jpg,0.009884416125714779,0.012094657868146896,0.001438851817511022,0
https://i.4cdn.org/b/1748152608357857.jpg,0.0008739292388781905,0.0013575163902714849,0.00016734295058995485,0
https://i.4cdn.org/b/1748152328641605.jpg,0.0516592413187027,0.08028672635555267,0.01675674319267273,1
https://i.4cdn.org/b/1748152561420613.jpg,0.05398444086313248,0.1011061742901802,0.006336666643619537,0
https://i.4cdn.org/b/1748152796795707.jpg,0.035838495939970016,0.04049120843410492,0.002152604516595602,0
https://i.4cdn.org/b/1748152486639316.jpg,0.9662699699401855,0.9919443726539612,0.0006811351631768048,1
https://i.4cdn.org/b/1748152532907355.jpg,0.9945513606071472,0.99898362159729,0.00020908938313368708,1
https://i.4cdn.org/b/1748151717153198.jpg,0.998426079750061,0.9993271827697754,0.00021170629770494998,1
https://i.4cdn.org/b/1748152480970139.jpg,0.997510552406311,0.9992067217826843,0.00025827178615145385,1
https://i.4cdn.org/b/1748152523675685.jpg,0.9979512095451355,0.9992850422859192,0.00016522020450793207,1
https://i.4cdn.org/b/1748150132640710.jpg,0.0053662508726119995,0.9984130859375,0.0004449611878953874,1
https://i.4cdn.org/b/1748150601818198.jpg,0.052741438150405884,0.954027533531189,0.003530490444973111,0
https://i.4cdn.org/b/1748152501577643.png,0.09714854508638382,0.9840323328971863,0.0012631983263418078,1
https://i.4cdn.org/b/1748152094173818.jpg,0.06163975968956947,0.17905831336975098,0.008076225407421589,0
https://i.4cdn.org/b/1748152146402244.jpg,0.010005674324929714,0.013113249093294144,0.0015555496793240309,0
https://i.4cdn.org/b/1748149991774986.jpg,0.9920141100883484,0.997900664806366,0.0003458842111285776,1
https://i.4cdn.org/b/1748152270896670.png,0.28073757886886597,0.30953946709632874,0.004034888930618763,1
https://i.4cdn.org/b/1748151362074848.jpg,0.01038422528654337,0.012492826208472252,0.006195720750838518,1
https://i.4cdn.org/b/1748151854743621.jpg,0.0012601473135873675,0.0022514062002301216,0.001509097870439291,0
https://i.4cdn.org/b/1748149737304844.jpg,0.012891925871372223,0.015653112903237343,0.0018873424269258976,1
https://i.4cdn.org/b/1748151690685311.jpg,0.022331086918711662,0.025307856500148773,0.013266146183013916,0
https://i.4cdn.org/b/1748149757914254.png,0.01329641230404377,0.015485532581806183,0.0018753003096207976,1
https://i.4cdn.org/b/1748151436114980.jpg,0.18181145191192627,0.21832838654518127,0.059943560510873795,1
https://i.4cdn.org/b/1748151518234907.jpg,0.007780789397656918,0.9982702732086182,0.0005348425474949181,1
https://i.4cdn.org/b/1748150027277078.jpg,0.04437800124287605,0.049682289361953735,0.0018021620344370604,0
https://i.4cdn.org/b/1748150416268403.jpg,0.04580913484096527,0.04690227285027504,0.003557316493242979,0
https://i.4cdn.org/b/1748148404196142.jpg,0.003889319719746709,0.006264830939471722,0.054820071905851364,1
https://i.4cdn.org/b/1748148791128070.jpg,0.9979164004325867,0.9986523985862732,0.0006332911434583366,1
https://i.4cdn.org/b/1748150441934667.jpg,0.9966717958450317,0.998784065246582,0.0005006561987102032,1
https://i.4cdn.org/b/1748151251841072.jpg,0.8698522448539734,0.9072138667106628,0.0024228563997894526,1
https://i.4cdn.org/b/1748151049379912.jpg,0.9287819266319275,0.9980387091636658,0.0006593376747332513,1
https://i.4cdn.org/b/1748150869101290.jpg,0.9915851354598999,0.9992160201072693,0.00023990237968973815,1
https://i.4cdn.org/b/1748153628136052.jpg,0.9980362057685852,0.99894779920578,0.0003374307125341147,1
https://i.4cdn.org/b/1748153652273897.jpg,0.9557390809059143,0.998293399810791,0.0005265153595246375,1
https://i.4cdn.org/b/1748153710997828.jpg,0.9956778883934021,0.9985752701759338,0.0004495776956900954,1
https://i.4cdn.org/b/1748153701381906.jpg,0.9439153671264648,0.9878745079040527,0.0011052966583520174,1
https://i.4cdn.org/b/1748153696548225.jpg,0.4578470289707184,0.9987225532531738,0.0005694678402505815,1
https://i.4cdn.org/b/1748153652109733.jpg,0.02218136191368103,0.9331650733947754,0.003185687121003866,1
https://i.4cdn.org/b/1748153692521233.jpg,0.37749189138412476,0.7628554701805115,0.1960330605506897,1
https://i.4cdn.org/b/1748153515182708.png,0.9924765229225159,0.9974614381790161,0.00026436647749505937,1
https://i.4cdn.org/b/1748153659742496.png,0.9977019429206848,0.9990524053573608,0.0004901248030364513,1
https://i.4cdn.org/b/1748153691520269.png,0.9950767159461975,0.9990792870521545,0.00028728271718136966,1
https://i.4cdn.org/b/1748153652689904.png,0.9981192946434021,0.998774528503418,0.00047213438665494323,1
https://i.4cdn.org/b/1748153687241130.jpg,0.00907646119594574,0.01185526605695486,0.15439936518669128,0
https://i.4cdn.org/b/1748153691907866.png,0.9893547296524048,0.9946058392524719,0.0004940062062814832,1
https://i.4cdn.org/b/1748153565276187.png,0.0062383380718529224,0.021568143740296364,0.0029036293271929026,0
https://i.4cdn.org/b/1748147929395027.jpg,0.00539405457675457,0.006595521233975887,0.0016293838853016496,0
https://i.4cdn.org/b/1748153598639532.jpg,0.037662748247385025,0.9983536601066589,0.0004233740910422057,1
https://i.4cdn.org/b/1748153577109889.png,0.006897361483424902,0.010389542207121849,0.007287490647286177,1
https://i.4cdn.org/b/1748151061091971.jpg,0.005087415222078562,0.006211580242961645,0.000832629855722189,0
https://i.4cdn.org/b/1748153450590547.jpg,0.014403258450329304,0.9989122152328491,0.00035450581344775856,1
https://i.4cdn.org/b/1748150364175975.jpg,0.005959743168205023,0.0074576111510396,0.0012915709521621466,0
https://i.4cdn.org/b/1748153198935344.png,0.03005901724100113,0.043598275631666183,0.003088788129389286,1
https://i.4cdn.org/b/1748153424123274.jpg,0.9888710379600525,0.9984579086303711,0.0003712271573022008,1
https://i.4cdn.org/b/1748153419344683.jpg,0.015275110490620136,0.017856083810329437,0.027626490220427513,0
https://i.4cdn.org/b/1748153396962079.jpg,0.013362971134483814,0.01461159810423851,0.0018934810068458319,0
https://i.4cdn.org/b/1748151941419004.jpg,0.0035634415689855814,0.005602159071713686,0.9499955773353577,1
https://i.4cdn.org/b/1748153320287148.png,0.6618396043777466,0.8586373329162598,0.012895829975605011,1
https://i.4cdn.org/b/1748153232618598.png,0.17891179025173187,0.19167764484882355,0.008113901130855083,0
https://i.4cdn.org/b/1748153251028368.jpg,0.006938451435416937,0.008626624010503292,0.0013910504058003426,0
https://i.4cdn.org/b/1748149044995606.jpg,0.001796229276806116,0.002351518254727125,0.002249198965728283,0
https://i.4cdn.org/b/1748151690685311.jpg,0.02233106642961502,0.025307832285761833,0.013266146183013916,0
https://i.4cdn.org/b/1748152861229394.jpg,0.018746674060821533,0.01970556564629078,0.013977999798953533,0
https://i.4cdn.org/b/1748153016156993.jpg,0.05352067947387695,0.06692018359899521,0.038666900247335434,0
https://i.4cdn.org/b/1748152984259815.png,0.6647418141365051,0.7515585422515869,0.0072528594173491,1
https://i.4cdn.org/b/1748152977074097.jpg,0.0007214270881377161,0.0023593578953295946,0.0002470390754751861,1
https://i.4cdn.org/b/1748152561420613.jpg,0.0539843775331974,0.10110600292682648,0.006336661521345377,1
https://i.4cdn.org/b/1748152837519528.jpg,0.007817951962351799,0.009742419235408306,0.0052670668810606,1
https://i.4cdn.org/b/1748152838689738.png,0.02314777486026287,0.03271295502781868,0.0024123783223330975,0
https://i.4cdn.org/b/1748152146402244.jpg,0.01000565942376852,0.013113231398165226,0.0015555511927232146,0
https://i.4cdn.org/b/1748152814962824.jpg,0.004592451266944408,0.016373910009860992,0.0021609000395983458,0
https://i.4cdn.org/b/1748150744094643.jpg,0.955759584903717,0.9914301037788391,0.0009240945801138878,1
https://i.4cdn.org/b/1748152610216702.jpg,0.04532673954963684,0.048049505800008774,0.0032610329799354076,1
https://i.4cdn.org/b/1748152766006394.png,0.9849557280540466,0.9987507462501526,0.0003156577586196363,1
https://i.4cdn.org/b/1748148258273892.jpg,0.4350774586200714,0.9980158805847168,0.0006960697937756777,1
https://i.4cdn.org/b/1748148277923021.jpg,0.2817974090576172,0.9196988344192505,0.004240012727677822,1
https://i.4cdn.org/b/1748152608729887.jpg,0.009884411469101906,0.012094652280211449,0.0014388504205271602,0
https://i.4cdn.org/b/1748152608357857.jpg,0.0008739292388781905,0.0013575163902714849,0.00016734295058995485,0
https://i.4cdn.org/b/1748151717153198.jpg,0.998426079750061,0.9993271827697754,0.00021170650143176317,1
https://i.4cdn.org/b/1748152480970139.jpg,0.997510552406311,0.9992067217826843,0.00025827178615145385,1
https://i.4cdn.org/b/1748152523675685.jpg,0.9979512095451355,0.9992850422859192,0.00016522020450793207,1
https://i.4cdn.org/b/1748154895225284.jpg,0.05850620195269585,0.9914756417274475,0.0016568059800192714,1
https://i.4cdn.org/b/1748152270896670.png,0.2807377874851227,0.30953970551490784,0.004034890327602625,1
https://i.4cdn.org/b/1748155156177016.jpg,0.9931107759475708,0.998047947883606,0.0002966337196994573,1
https://i.4cdn.org/b/1748155131302163.jpg,0.0053847660310566425,0.2623949646949768,0.0025872178375720978,0
https://i.4cdn.org/b/1748155151739398.jpg,0.01393758412450552,0.04469311982393265,0.004382946062833071,0
https://i.4cdn.org/b/1748155155549303.jpg,0.08903666585683823,0.13369926810264587,0.08036454021930695,0
https://i.4cdn.org/b/1748155112391971.jpg,0.2894848585128784,0.997735321521759,0.0005285883089527488,1
https://i.4cdn.org/b/1748155152962605.jpg,0.007614908739924431,0.9984316229820251,0.00034709807368926704,1
https://i.4cdn.org/b/1748155080162861.png,0.11300023645162582,0.2825982868671417,0.014906824566423893,0
https://i.4cdn.org/b/1748154976827738.jpg,0.14739106595516205,0.9985743761062622,0.0004258427070453763,1
https://i.4cdn.org/b/1748155004095594.jpg,0.0321439690887928,0.03925991430878639,0.002942226827144623,1
https://i.4cdn.org/b/1748154279185741.png,0.12473583966493607,0.2235943228006363,0.0019129429711028934,0
https://i.4cdn.org/b/1748155049282661.jpg,0.9982104301452637,0.9994581937789917,0.00020826284890063107,1
https://i.4cdn.org/b/1748155127852836.jpg,0.9983934760093689,0.9992995262145996,0.0003467675414867699,1
https://i.4cdn.org/b/1748154879144475.jpg,0.3107638657093048,0.5040453672409058,0.0032484098337590694,1
https://i.4cdn.org/b/1748155109196468.jpg,0.8383479118347168,0.9886484146118164,0.0028229784220457077,1
https://i.4cdn.org/b/1748155093712512.png,0.9783197045326233,0.9927207231521606,0.0008472959161736071,1
https://i.4cdn.org/b/1748155107454365.png,0.9984741806983948,0.9992677569389343,0.00023377913748845458,1
https://i.4cdn.org/b/1748155021753937.png,0.9353291392326355,0.9854404926300049,0.001032504253089428,1
https://i.4cdn.org/b/1748153251028368.jpg,0.006938451435416937,0.008626624010503292,0.0013910504058003426,0
https://i.4cdn.org/b/1748154942575232.jpg,0.09568405896425247,0.10561013966798782,0.0243020448833704,0
https://i.4cdn.org/b/1748155005747681.png,0.006326739676296711,0.008063910529017448,0.00132453883998096,0
https://i.4cdn.org/b/1748155049765728.jpg,0.2779485583305359,0.4115641415119171,0.02327442541718483,1
https://i.4cdn.org/b/1748154514763625.jpg,0.006130838301032782,0.009222080931067467,0.0005502945859916508,0
https://i.4cdn.org/b/1748154287020582.jpg,0.9788453578948975,0.997198760509491,0.00038516928907483816,1
https://i.4cdn.org/b/1748154677485971.jpg,0.038288503885269165,0.04483826830983162,0.004176473245024681,0
https://i.4cdn.org/b/1748154963180960.jpg,0.3480539321899414,0.9983833432197571,0.000567648618016392,1
https://i.4cdn.org/b/1748154788453528.jpg,0.1036052405834198,0.9958006143569946,0.0012677083723247051,1
https://i.4cdn.org/b/1748154899735688.jpg,0.6971226334571838,0.9979535341262817,0.0006571501726284623,1
https://i.4cdn.org/b/1748154053920816.jpg,0.5325603485107422,0.6270699501037598,0.005769618786871433,1
https://i.4cdn.org/b/1748152610216702.jpg,0.04532675817608833,0.048049528151750565,0.0032610329799354076,0
https://i.4cdn.org/b/1748152766006394.png,0.9849557280540466,0.9987507462501526,0.0003156577586196363,1
https://i.4cdn.org/b/1748154841932984.png,0.9792954921722412,0.9946209788322449,0.00044384392094798386,1
https://i.4cdn.org/b/1748152523675685.jpg,0.9979512095451355,0.9992850422859192,0.00016522020450793207,1
https://i.4cdn.org/b/1748154500035862.jpg,0.9973998069763184,0.9991230964660645,0.00024752167519181967,1
https://i.4cdn.org/b/1748150560049669.jpg,0.0010211949702352285,0.0017892527393996716,0.0005437111831270158,0
https://i.4cdn.org/b/1748154702866578.png,0.01641404815018177,0.025722909718751907,0.20386670529842377,0
https://i.4cdn.org/b/1748154694355979.jpg,0.13375097513198853,0.17026512324810028,0.011245949193835258,1
https://i.4cdn.org/b/1748150259438601.jpg,0.9878194332122803,0.9974885582923889,0.0003296441864222288,1
https://i.4cdn.org/b/1748150274679191.jpg,0.4369916021823883,0.9973270893096924,0.000779909489210695,1
https://i.4cdn.org/b/1748154548469599.jpg,0.9906726479530334,0.9983350038528442,0.00020578740804921836,1
https://i.4cdn.org/b/1748153856042319.png,0.018247123807668686,0.023671135306358337,0.0023430094588547945,0
https://i.4cdn.org/b/1748148226042766.jpg,0.04331686720252037,0.049343861639499664,0.021284528076648712,0
https://i.4cdn.org/b/1748155000029141.png,0.010047567076981068,0.01561381109058857,0.0009407097822986543,0
https://i.4cdn.org/b/1748154409891170.png,0.0052362531423568726,0.008587319403886795,0.0020845166873186827,1
https://i.4cdn.org/b/1748152608357857.jpg,0.0008739292388781905,0.0013575163902714849,0.00016734295058995485,0
https://i.4cdn.org/b/1748153978293794.png,0.00517678540199995,0.006581710651516914,0.0009957145666703582,0
https://i.4cdn.org/b/1748153994605380.jpg,0.06471225619316101,0.11587563157081604,0.008037522435188293,0
https://i.4cdn.org/b/1748153198935344.png,0.03005910851061344,0.04359838366508484,0.0030887951143085957,1
https://i.4cdn.org/b/1748153424123274.jpg,0.9888710379600525,0.9984579086303711,0.0003712271573022008,1
https://i.4cdn.org/b/1748154254166468.jpg,0.02737271413207054,0.02946244738996029,0.04534086585044861,1
https://i.4cdn.org/b/1748149934841507.jpg,0.008561307564377785,0.011845393106341362,0.0006245602271519601,0
https://i.4cdn.org/b/1748153722254027.jpg,0.0015082965837791562,0.002068396657705307,0.00025274648214690387,0
https://i.4cdn.org/b/1748154216339184.jpg,0.020772404968738556,0.023418283089995384,0.012126141227781773,0
https://i.4cdn.org/b/1748153320287148.png,0.6618396043777466,0.8586373329162598,0.012895829975605011,1
https://i.4cdn.org/b/1748148277923021.jpg,0.2817974090576172,0.9196988344192505,0.004240012727677822,1
https://i.4cdn.org/b/1748152608729887.jpg,0.009884411469101906,0.012094652280211449,0.0014388504205271602,0
https://i.4cdn.org/b/1748152837519528.jpg,0.007817951962351799,0.009742419235408306,0.0052670668810606,0
https://i.4cdn.org/b/1748153830403992.jpg,0.0028543646913021803,0.0037006582133471966,0.0008357662009075284,0
https://i.4cdn.org/b/1748153598639532.jpg,0.037662748247385025,0.9983536601066589,0.0004233740910422057,1
https://i.4cdn.org/b/1748148791128070.jpg,0.9979164004325867,0.9986523985862732,0.0006332911434583366,1
https://i.4cdn.org/b/1748150441934667.jpg,0.9966717958450317,0.998784065246582,0.0005006561987102032,1
https://i.4cdn.org/b/1748151251841072.jpg,0.8698518872261047,0.907213568687439,0.0024228624533861876,1
https://i.4cdn.org/b/1748153577109889.png,0.006897358223795891,0.01038953848183155,0.007287490647286177,1
https://i.4cdn.org/b/1748151436114980.jpg,0.18181145191192627,0.21832838654518127,0.059943560510873795,1
https://i.4cdn.org/b/1748151518234907.jpg,0.007780789397656918,0.9982702732086182,0.0005348425474949181,1
https://i.4cdn.org/b/1748150311878176.jpg,0.028846949338912964,0.0941278263926506,0.009829198941588402,0
https://i.4cdn.org/b/1748150364175975.jpg,0.005959737580269575,0.0074576037004590034,0.0012915703700855374,0
https://i.4cdn.org/b/1748153396962079.jpg,0.013362971134483814,0.01461159810423851,0.0018934810068458319,0
https://i.4cdn.org/b/1748151690685311.jpg,0.02233106642961502,0.025307832285761833,0.013266146183013916,0
https://i.4cdn.org/b/1748152861229394.jpg,0.018746674060821533,0.01970556564629078,0.013977999798953533,0
https://i.4cdn.org/b/1748153016156993.jpg,0.05352076143026352,0.06692029535770416,0.03866694122552872,1
https://i.4cdn.org/b/1748152977074097.jpg,0.0007214260403998196,0.0023593546357005835,0.00024703884264454246,0
https://i.4cdn.org/b/1748152838689738.png,0.02314777486026287,0.03271295502781868,0.0024123783223330975,0
https://i.4cdn.org/b/1748152146402244.jpg,0.01000565942376852,0.013113231398165226,0.0015555511927232146,0
https://i.4cdn.org/b/1748152814962824.jpg,0.004592451266944408,0.016373910009860992,0.0021609000395983458,0
https://i.4cdn.org/b/1748151362074848.jpg,0.01038422528654337,0.012492826208472252,0.006195720750838518,1
https://i.4cdn.org/b/1748151854743621.jpg,0.0012601473135873675,0.0022514062002301216,0.001509097870439291,0
https://i.4cdn.org/b/1748149737304844.jpg,0.01289200410246849,0.01565319485962391,0.0018873456865549088,0
https://i.4cdn.org/b/1748149757914254.png,0.013296474702656269,0.015485603362321854,0.0018753010081127286,0
https://i.4cdn.org/b/1748148404196142.jpg,0.003889319719746709,0.00626480939471722,0.054820071905851364,0
https://i.4cdn.org/b/1748150867827884.jpg,0.013284943997859955,0.04808858409523964,0.0018202229402959347,0
https://i.4cdn.org/b/1748150772865931.jpg,0.007344255223870277,0.007971291430294514,0.000767996592912823,0
https://i.4cdn.org/b/1748150243457473.png,0.0077209630981087685,0.011738283559679985,0.0007400134345516562,0
https://i.4cdn.org/b/1748147664993763.jpg,0.24865128099918365,0.26287418603897095,0.12161517143249512,1
https://i.4cdn.org/b/1748148862082732.jpg,0.026853960007429123,0.0285374466329813,0.00407007709145546,0
https://i.4cdn.org/b/1748149966686593.jpg,0.10884395241737366,0.11919821798801422,0.07611142843961716,0
https://i.4cdn.org/b/1748144355985954.jpg,0.0037417032290250063,0.004730259068310261,0.006624571047723293,0
https://i.4cdn.org/b/1748149644829588.png,0.0017741027986630797,0.0028250734321773052,0.0009246836416423321,0
https://i.4cdn.org/b/1748147203700288.jpg,0.0192251093685627,0.022672828286886215,0.002509218407794833,0
https://i.4cdn.org/b/1748149106680773.jpg,0.014706427231431007,0.017796318978071213,0.04429337754845619,0
https://i.4cdn.org/b/1748149051033931.png,0.011655333451926708,0.030337195843458176,0.0008467084262520075,0
https://i.4cdn.org/b/1748148589174476.jpg,0.1275515854358673,0.1422860473394394,0.009790441952645779,1
https://i.4cdn.org/b/1748148675590639.png,0.0016188473673537374,0.0026436662301421165,0.001060405164025724,0
https://i.4cdn.org/b/1748148926101718.png,0.013129545375704765,0.016347432509064674,0.0010959997307509184,0
https://i.4cdn.org/b/1748148618754712.jpg,0.0167948417365551,0.020540641620755196,0.07124795764684677,0
https://i.4cdn.org/b/1748146076897693.jpg,0.01534945797175169,0.015949353575706482,0.006720156408846378,0
https://i.4cdn.org/b/1748148482063527.jpg,0.9976686835289001,0.9987684488296509,0.0003016996488440782,1
https://i.4cdn.org/b/1748148703638457.png,0.5941288471221924,0.6316177248954773,0.006240395363420248,1
https://i.4cdn.org/b/1748147335181579.png,0.004972534254193306,0.006644606590270996,0.0010430793045088649,0
https://i.4cdn.org/b/1748147594165326.jpg,0.0013104439713060856,0.001978091197088361,0.000901743012946099,0
https://i.4cdn.org/b/1748148520818687.png,0.018105462193489075,0.019509565085172653,0.05888260900974274,0
https://i.4cdn.org/b/1748148897717018.jpg,0.9979310035705566,0.9987366199493408,0.0002962509752251208,1
https://i.4cdn.org/b/1748155910323356.jpg,0.6254639029502869,0.9759266376495361,0.0014714053831994534,1
https://i.4cdn.org/b/1748155772460506.jpg,0.0014394639292731881,0.002552715130150318,0.0007873636786825955,0
https://i.4cdn.org/b/1748155912093074.jpg,0.0074460674077272415,0.9979612827301025,0.0004752325767185539,1
https://i.4cdn.org/b/1748155927085515.jpg,0.0038814088329672813,0.005150418262928724,0.0005438932566903532,0
https://i.4cdn.org/b/1748155925933985.jpg,0.02481699548661709,0.1418505162000656,0.004374703858047724,0
https://i.4cdn.org/b/1748150364175975.jpg,0.005959737580269575,0.0074576037004590034,0.0012915703700855374,0
https://i.4cdn.org/b/1748155890768413.png,0.998580813407898,0.9992671012878418,0.0002932384377345443,1
https://i.4cdn.org/b/1748155831945214.jpg,0.0041506621055305,0.006035328842699528,0.0013539937790483236,0
https://i.4cdn.org/b/1748155896890912.png,0.008094199001789093,0.9981464743614197,0.00046493110130541027,1
https://i.4cdn.org/b/1748155267481414.png,0.009321083314716816,0.013108642771840096,0.010510699823498726,0
https://i.4cdn.org/b/1748155755718920.png,0.001483159838244319,0.002531171077862382,0.0007557260687462986,0
https://i.4cdn.org/b/1748155909554672.png,0.6498537063598633,0.719872772693634,0.006984163541346788,1
https://i.4cdn.org/b/1748155789983314.png,0.008641783148050308,0.009959189221262932,0.012659363448619843,0
https://i.4cdn.org/b/1748155837119483.jpg,0.1473594456911087,0.15585750341415405,0.0041085402481257915,0
https://i.4cdn.org/b/1748155906846428.jpg,0.04876180738210678,0.051278144121170044,0.002710780594497919,0
https://i.4cdn.org/b/1748150867827884.jpg,0.013284943997859955,0.04808858409523964,0.0018202229402959347,0
https://i.4cdn.org/b/1748155902904899.jpg,0.009713186882436275,0.011133313179016113,0.0038204658776521683,0
https://i.4cdn.org/b/1748155300227045.jpg,0.9978783130645752,0.9991467595100403,0.0002993773086927831,1
https://i.4cdn.org/b/1748155855168703.png,0.005908021237701178,0.007603304460644722,0.001478436402976513,0
https://i.4cdn.org/b/1748153722254027.jpg,0.0015082965837791562,0.002068396657705307,0.00025274648214690387,0
https://i.4cdn.org/b/1748154216339184.jpg,0.02077236957848072,0.02341824769973755,0.012126118876039982,0
https://i.4cdn.org/b/1748155711212224.jpg,0.9727030992507935,0.9972999095916748,0.00042132241651415825,1
https://i.4cdn.org/b/1748155811433433.jpg,0.8794150352478027,0.9723628163337708,0.001648702542297542,1
https://i.4cdn.org/b/1748155678252145.png,0.22815047204494476,0.29275065660476685,0.014508155174553394,1
https://i.4cdn.org/b/1748155776458489.jpg,0.11040961742401123,0.1341639757156372,0.019129645079374313,0
https://i.4cdn.org/b/1748154702866578.png,0.01641404628753662,0.025722917169332504,0.20386749505996704,0
https://i.4cdn.org/b/1748155770281903.jpg,0.09602770954370499,0.9882206916809082,0.0007427934906445444,1
https://i.4cdn.org/b/1748155213751007.png,0.2834954857826233,0.9295169711112976,0.003106948919594288,1
https://i.4cdn.org/b/1748155753741075.png,0.9886587262153625,0.9968423843383789,0.0004809011297766119,1
https://i.4cdn.org/b/1748155745345289.jpg,0.07110595703125,0.9936842918395996,0.0007712227525189519,1
https://i.4cdn.org/b/1748155742056123.jpg,0.002072646515443921,0.0031893327832221985,0.0005236686556600034,0
https://i.4cdn.org/b/1748155430655990.png,0.9954364895820618,0.9983083605766296,0.00033622662886045873,1
https://i.4cdn.org/b/1748155739508124.png,0.1334700882434845,0.7887407541275024,0.003228581976145506,1
https://i.4cdn.org/b/1748155655872813.jpg,0.006640815641731024,0.008916392922401428,0.00129631906747818,0
https://i.4cdn.org/b/1748155697436847.jpg,0.9912595152854919,0.9987088441848755,0.000272700737696141,1
https://i.4cdn.org/b/1748155049765728.jpg,0.2779485583305359,0.4115641415119171,0.02327442541718483,1
https://i.4cdn.org/b/1748155569699925.png,0.026641299948096275,0.03253722935914993,0.00230872118845582,0
https://i.4cdn.org/b/1748155666772638.jpg,0.009674713015556335,0.01054359506815672,0.002170042134821415,0
https://i.4cdn.org/b/1748155109196468.jpg,0.8383479118347168,0.9886484146118164,0.002822980983182788,1
https://i.4cdn.org/b/1748155492383523.jpg,0.001928658690303564,0.0029941480606794357,0.009560276754200459,0
https://i.4cdn.org/b/1748155303460800.jpg,0.012893241830170155,0.9972026944160461,0.0003149453259538859,1
https://i.4cdn.org/b/1748155438312297.png,0.0052362531423568726,0.008587317541241646,0.0020845187827944756,0
https://i.4cdn.org/b/1748154694355979.jpg,0.13375097513198853,0.17026512324810028,0.011245949193835258,1
https://i.4cdn.org/b/1748154841932984.png,0.9792954921722412,0.9946209788322449,0.00044384392094798386,1
https://i.4cdn.org/b/1748153320287148.png,0.6618396043777466,0.8586373329162598,0.012895829975605011,1
https://i.4cdn.org/b/1748155253661994.png,0.029886966571211815,0.974337458610535,0.0010787955252453685,1
https://i.4cdn.org/b/1748155177335703.png,0.9365139007568359,0.9742794632911682,0.0019922840874642134,1
https://i.4cdn.org/b/1748154287020582.jpg,0.9788453578948975,0.997198760509491,0.00038516928907483816,1
https://i.4cdn.org/b/1748152270896670.png,0.2807377874851227,0.30953970551490784,0.004034890327602625,1
https://i.4cdn.org/b/1748155156177016.jpg,0.9931107759475708,0.998047947883606,0.0002966337196994573,1
https://i.4cdn.org/b/1748154788453528.jpg,0.1036052405834198,0.9958006143569946,0.0012677083723247051,1
https://i.4cdn.org/b/1748154899735688.jpg,0.6971226334571838,0.9979535341262817,0.0006571501726284623,1
https://i.4cdn.org/b/1748154053920816.jpg,0.5325603485107422,0.6270699501037598,0.005769618786871433,1
https://i.4cdn.org/b/1748152523675685.jpg,0.9979512095451355,0.9992850422859192,0.00016522020450793207,1
https://i.4cdn.org/b/1748154500035862.jpg,0.9973998069763184,0.9991230964660645,0.00024752167519181967,1
https://i.4cdn.org/b/1748150259438601.jpg,0.9878194332122803,0.9974885582923889,0.0003296441864222288,1
https://i.4cdn.org/b/1748150274679191.jpg,0.43699273467063904,0.9973270893096924,0.0007799094310030341,1
https://i.4cdn.org/b/1748154548469599.jpg,0.9906726479530334,0.9983350038528442,0.00020578740804921836,1
https://i.4cdn.org/b/1748148226042766.jpg,0.04331686720252037,0.049343861639499664,0.021284528076648712,0
https://i.4cdn.org/b/1748154437920201.png,0.18778516352176666,0.24177691340446472,0.022032268345355988,0
https://i.4cdn.org/b/1748154409891170.png,0.0052362531423568726,0.008587317541241646,0.0020845187827944756,0
https://i.4cdn.org/b/1748152608357857.jpg,0.0008739292388781905,0.0013575163902714849,0.00016734295058995485,0
https://i.4cdn.org/b/1748153978293794.png,0.00517678540199995,0.006581710651516914,0.0009957145666703582,0
https://i.4cdn.org/b/1748153994605380.jpg,0.06471225619316101,0.11587563157081604,0.008037522435188293,1
https://i.4cdn.org/b/1748154254166468.jpg,0.027372678741812706,0.029462410137057304,0.04534078389406204,1
https://i.4cdn.org/b/1748148277923021.jpg,0.2817974090576172,0.9196988344192505,0.004240012727677822,1
https://i.4cdn.org/b/1748152608729887.jpg,0.009884411469101906,0.012094652280211449,0.0014388504205271602,0
https://i.4cdn.org/b/1748153598639532.jpg,0.037662822753190994,0.9983536005020142,0.00042337444028817117,1
https://i.4cdn.org/b/1748148791128070.jpg,0.9979164004325867,0.9986523985862732,0.0006332914344966412,1
https://i.4cdn.org/b/1748150441934667.jpg,0.9966717958450317,0.998784065246582,0.0005006561987102032,1
https://i.4cdn.org/b/1748151251841072.jpg,0.8698518872261047,0.907213568687439,0.0024228624533861876,1
https://i.4cdn.org/b/1748153577109889.png,0.006897361483424902,0.010389542207121849,0.007287490647286177,1
https://i.4cdn.org/b/1748151436114980.jpg,0.18181145191192627,0.21832838654518127,0.059943560510873795,1
https://i.4cdn.org/b/1748151518234907.jpg,0.007780789397656918,0.9982702732086182,0.0005348425474949181,1
https://i.4cdn.org/b/1748153396962079.jpg,0.013362989760935307,0.014611616730690002,0.0018934838008135557,0
https://i.4cdn.org/b/1748151690685311.jpg,0.02233106642961502,0.025307832285761833,0.013266146183013916,0
https://i.4cdn.org/b/1748152861229394.jpg,0.018746674060821533,0.01970556564629078,0.013977999798953533,0
https://i.4cdn.org/b/1748153016156993.jpg,0.05352076143026352,0.06692029535770416,0.03866694122552872,0
https://i.4cdn.org/b/1748152977074097.jpg,0.0007214270881377161,0.0023593578953295946,0.0002470390754751861,0
https://i.4cdn.org/b/1748152838689738.png,0.02314777486026287,0.03271295502781868,0.0024123783223330975,0
https://i.4cdn.org/b/1748152146402244.jpg,0.01000565942376852,0.013113231398165226,0.0015555511927232146,0
https://i.4cdn.org/b/1748152814962824.jpg,0.004592451266944408,0.016373910009860992,0.0021609000395983458,0
https://i.4cdn.org/b/1748151362074848.jpg,0.01038422528654337,0.012492826208472252,0.006195720750838518,0
https://i.4cdn.org/b/1748151854743621.jpg,0.0012601484777405858,0.0022514075972139835,0.0015090993838384748,0
https://i.4cdn.org/b/1748149737304844.jpg,0.01289200410246849,0.01565319485962391,0.0018873456865549088,0
https://i.4cdn.org/b/1748156291626060.png,0.01912095956504345,0.039384886622428894,0.00638889754191041,0
https://i.4cdn.org/b/1748156205270744.png,0.9385524392127991,0.9983290433883667,0.0004031275457236916,1
https://i.4cdn.org/b/1748156321678466.jpg,0.9602678418159485,0.9987533092498779,0.00030061628785915673,1
https://i.4cdn.org/b/1748155745345289.jpg,0.07110595703125,0.9936842918395996,0.0007712227525189519,1
https://i.4cdn.org/b/1748156321778543.jpg,0.9863659143447876,0.9982001781463623,0.0003259932855144143,1
https://i.4cdn.org/b/1748156172671124.png,0.06953267753124237,0.13302776217460632,0.006056469399482012,0
https://i.4cdn.org/b/1748156318912292.jpg,0.005935194902122021,0.008793804794549942,0.0023201333824545145,0
https://i.4cdn.org/b/1748156114726920.jpg,0.006495910231024027,0.008494583889842033,0.0005892152548767626,0
https://i.4cdn.org/b/1748156189510734.jpg,0.004014612641185522,0.004413822665810585,0.0003827461623586714,0
https://i.4cdn.org/b/1748156317487235.jpg,0.006795675493776798,0.0075350538827478886,0.011168974451720715,0
https://i.4cdn.org/b/1748156275680662.png,0.997600257396698,0.999477207660675,0.00020843450329266489,1
https://i.4cdn.org/b/1748156317255090.png,0.9985748529434204,0.9993324875831604,0.0003099628374911845,1
https://i.4cdn.org/b/1748156270982803.jpg,0.99787437915802,0.9987434148788452,0.0003498561563901603,1
https://i.4cdn.org/b/1748156277779196.jpg,0.010065387934446335,0.9985659718513489,0.0005044584395363927,1
https://i.4cdn.org/b/1748156311748548.jpg,0.9986684322357178,0.99904865026474,0.0004181150870863348,1
https://i.4cdn.org/b/1748155755718920.png,0.0014831590233370662,0.002531170379370451,0.000755726417992264,1
https://i.4cdn.org/b/1748155909554672.png,0.649853527545929,0.7198725938796997,0.00698416493833065,1
https://i.4cdn.org/b/1748156287993593.jpg,0.010743576101958752,0.011503199115395546,0.0011137287365272641,`
https://i.4cdn.org/b/1748156003030506.png,0.8432591557502747,0.9921339154243469,0.0008645452908240259,1
https://i.4cdn.org/b/1748156284704297.png,0.9956879019737244,0.9983391165733337,0.000509721168782562,1
https://i.4cdn.org/b/1748148862082732.jpg,0.026853960007429123,0.0285374466329813,0.00407007709145546,0
https://i.4cdn.org/b/1748149966686593.jpg,0.10884395241737366,0.11919821798801422,0.07611142843961716,0
https://i.4cdn.org/b/1748155837119483.jpg,0.14735986292362213,0.15585792064666748,0.004108550027012825,0
https://i.4cdn.org/b/1748155906846428.jpg,0.04876183718442917,0.05127817764878273,0.002710786648094654,0
https://i.4cdn.org/b/1748156255722345.png,0.0010264406446367502,0.002004530280828476,0.0005285798106342554,0
https://i.4cdn.org/b/1748155776458489.jpg,0.11040961742401123,0.1341639757156372,0.019129645079374313,0
https://i.4cdn.org/b/1748156219817623.jpg,0.3866291344165802,0.454242467880249,0.03923371806740761,1
https://i.4cdn.org/b/1748155253661994.png,0.029886966571211815,0.9724337458610535,0.0010787955252453685,1
https://i.4cdn.org/b/1748155855168703.png,0.005908035207539797,0.007603320758789778,0.001478435704484582,0
https://i.4cdn.org/b/1748152977074097.jpg,0.0007214270881377161,0.0023593578953295946,0.0002470390754751861,0
https://i.4cdn.org/b/1748154053920816.jpg,0.5325596928596497,0.6270692944526672,0.005769630894064903,1
https://i.4cdn.org/b/1748156146986237.jpg,0.00893747340887785,0.010693897493183613,0.0029454268515110016,0
https://i.4cdn.org/b/1748156095302856.png,0.9253514409065247,0.982792317867279,0.0008829427533783019,1
https://i.4cdn.org/b/1748155109196468.jpg,0.8383479118347168,0.9886484146118164,0.002822980983182788,1
https://i.4cdn.org/b/1748156014348953.jpg,0.13428162038326263,0.26666945219039917,0.03469243273139,1
https://i.4cdn.org/b/1748156520910594.jpg,0.9989627599716187,0.999142651557922,0.00024377483350690454,1
https://i.4cdn.org/b/1748156522044782.jpg,0.01221207994967699,0.013912685215473175,0.002179432660341263,0
https://i.4cdn.org/b/1748156511271180.jpg,0.016285408288240433,0.019862042739987373,0.005021198652684689,0
https://i.4cdn.org/b/1748156510738840.jpg,0.998362123966217,0.9990209341049194,0.0003512704570312053,1
https://i.4cdn.org/b/1748156390457814.jpg,0.003511874470859766,0.005403370130807161,0.0010627924930304289,0
https://i.4cdn.org/b/1748156505809951.jpg,0.010076260194182396,0.021206388249993324,0.002086973749101162,0
https://i.4cdn.org/b/1748149966686593.jpg,0.10884395241737366,0.11919821798801422,0.07611142843961716,1
https://i.4cdn.org/b/1748156433873966.png,0.9986351132392883,0.9995676279067993,0.00017100386321544647,0
https://i.4cdn.org/b/1748156472165794.jpg,0.008411383256316185,0.010865066200494766,0.0013545714318752289,0
https://i.4cdn.org/b/1748156284704297.png,0.9956879019737244,0.9983391165733337,0.0005097214016132057,1
https://i.4cdn.org/b/1748156395559938.png,0.913115918636322,0.9878652095794678,0.0009036106639541686,1
https://i.4cdn.org/b/1748156466702760.png,0.956558108329773,0.9972723722457886,0.00046354890218935907,1
https://i.4cdn.org/b/1748156354965076.jpg,0.013285559602081776,0.998956561088562,0.00035090770688839257,1
https://i.4cdn.org/b/1748156406176307.jpg,0.011088462546467781,0.9977015852928162,0.0004052352742291987,1
https://i.4cdn.org/b/1748156444482819.jpg,0.9989770650863647,0.9994081854820251,0.00031852320535108447,1
https://i.4cdn.org/b/1748156382376754.jpg,0.000994822708889842,0.0013936376199126244,0.00026367747341282666,0
https://i.4cdn.org/b/1748155906846428.jpg,0.04876180738210678,0.051278144121170044,0.002710780594497919,0
https://i.4cdn.org/b/1748156255722345.png,0.0010264406446367502,0.002004530280828476,0.0005285798106342554,0
https://i.4cdn.org/b/1748156409051080.png,0.001551540452055633,0.00272696977481246,0.0010483249789103866,0
https://i.4cdn.org/b/1748160946908519.jpg,0.002504516625776887,0.0047713955864310265,0.0005622727330774069,0
https://i.4cdn.org/b/1748160965755096.jpg,0.003798346733674407,0.9847651720046997,0.0011372290318831801,1
https://i.4cdn.org/b/1748160942960040.jpg,0.017239494249224663,0.034227900207042694,0.0029393236618489027,0
https://i.4cdn.org/b/1748160944235292.jpg,0.018626082688570023,0.021382290869951248,0.001572784618474543,1
https://i.4cdn.org/b/1748160993928419.jpg,0.02053772658109665,0.02313370071351528,0.00257324636913836,0
https://i.4cdn.org/b/1748160750556476.png,0.9464219212532043,0.9788773059844971,0.0008435067720711231,1
https://i.4cdn.org/b/1748160922703173.jpg,0.2954592704772949,0.9662822484970093,0.004426960367709398,1
https://i.4cdn.org/b/1748160974958757.jpg,0.0037471710238605738,0.006156971212476492,0.0006494334666058421,0
https://i.4cdn.org/b/1748160979639231.png,0.9983537197113037,0.998940110206604,0.0004221675044391304,1
https://i.4cdn.org/b/1748160777703145.png,0.8843870759010315,0.991843581199646,0.0009780877735465765,0
https://i.4cdn.org/b/1748160950821298.png,0.0028117788024246693,0.00404591578990221,0.0005852500326000154,0
https://i.4cdn.org/b/1748160916126554.jpg,0.006467218976467848,0.9890782237052917,0.001246091676875949,1
https://i.4cdn.org/b/1748160463075647.jpg,0.016900844871997833,0.04025893658399582,0.008240380324423313,0
https://i.4cdn.org/b/1748160915838824.jpg,0.005791350733488798,0.009599361568689346,0.001466603484004736,0
https://i.4cdn.org/b/1748160166842605.jpg,0.9980406165122986,0.9993078708648682,0.00036545470356941223,1
https://i.4cdn.org/b/1748160890424120.jpg,0.9974898099899292,0.9989170432090759,0.0002685819927137345,1
https://i.4cdn.org/b/1748160906483667.jpg,0.9986491799354553,0.9995889663696289,0.00019505814998410642,1
https://i.4cdn.org/b/1748160595448702.png,0.9970532655715942,0.9990785121917725,0.0002394805196672678,1
https://i.4cdn.org/b/1748161109655405.jpg,0.0074109588749706745,0.009638589806854725,0.010436839424073696,0
https://i.4cdn.org/b/1748161060383190.jpg,0.6305674314498901,0.774935781955719,0.00810663215816021,1
https://i.4cdn.org/b/1748161074085086.png,0.009766476228833199,0.9979100823402405,0.0004177080118097365,1
https://i.4cdn.org/b/1748161105107924.jpg,0.10546649247407913,0.998400866985321,0.000648674787953496,1
https://i.4cdn.org/b/1748161036870512.jpg,0.0017602926818653941,0.0628187358379364,0.002115356968715787,0
https://i.4cdn.org/b/1748161101402718.jpg,0.03956315293908119,0.04571743309497833,0.010452434420585632,0
https://i.4cdn.org/b/1748161011502121.jpg,0.0018028531922027469,0.0027650962583720684,0.0007721233414486051,1
https://i.4cdn.org/b/1748161068663611.jpg,0.37556231021881104,0.9361828565597534,0.001980558969080448,1
https://i.4cdn.org/b/1748161083812938.jpg,0.036787256598472595,0.9986268877983093,0.00041693152161315084,1
https://i.4cdn.org/b/1748161039465971.jpg,0.017319200560450554,0.9981001615524292,0.0004225039738230407,1
https://i.4cdn.org/b/1748161056953476.jpg,0.014439130201935768,0.017961904406547546,0.002457987517118454,0
https://i.4cdn.org/b/1748161062060185.jpg,0.6962181925773621,0.9415305852890015,0.001254362054169178,1
https://i.4cdn.org/b/1748161164512799.jpg,0.0021087999921292067,0.9982501864433289,0.0005824568797834218,1
https://i.4cdn.org/b/1748161167005499.jpg,0.001150190131738782,0.0022731963545084,0.0007467810646630824,0
https://i.4cdn.org/b/1748161155061816.png,0.13866207003593445,0.5190839171409607,0.004974661394953728,1
https://i.4cdn.org/b/1748161157058459.png,0.15760299563407898,0.2522466778755188,0.005537764169275761,1
https://i.4cdn.org/b/1748161152268047.jpg,0.007040966302156448,0.3999740779399872,0.004645531065762043,1
https://i.4cdn.org/g/1745612680763609.png,0.0008409034926444292,0.002472451189532876,0.017359266057610512,0
https://i.4cdn.org/g/1748161288582504.png,0.002059509279206395,0.009591753594577312,0.0004738477582577616,0
https://i.4cdn.org/g/1748149298636152.png,0.008778291754424572,0.010569770820438862,0.0014263847842812538,0
https://i.4cdn.org/out/1748157602162779.jpg,0.0012025873875245452,0.002280738204717636,0.000810090743470937,0
https://i.4cdn.org/out/1748161149864996.jpg,0.0011215253034606576,0.0019804651383310556,0.0010011439444497228,0
https://i.4cdn.org/out/1748133029963784.jpg,0.0013338039861992002,0.0023437291383743286,0.0009212889126501977,0
https://i.4cdn.org/out/1748141335519394.jpg,0.001074636122211814,0.002028530929237604,0.0009829867631196976,0
https://i.4cdn.org/out/1748142552124793.jpg,0.0011097152018919587,0.0018931180238723755,0.0007574983173981309,0
https://i.4cdn.org/out/1748153355180108.png,0.013886033557355404,0.015877798199653625,0.0017968671163544059,0
https://i.4cdn.org/out/1748159610960025.jpg,0.0011000161757692695,0.0021180009935051203,0.0012978619197383523,0
https://i.4cdn.org/out/1747799013551808.jpg,0.017092904075980186,0.01971125230193138,0.05194810405373573,0
https://i.4cdn.org/out/1748015329281425.jpg,0.040547940880060196,0.07235083729028702,0.004212463274598122,0
https://i.4cdn.org/out/1748147366846186.jpg,0.0012223594821989536,0.002117712050676346,0.0014163169544190168,0
https://i.4cdn.org/out/1748145100017240.jpg,0.0010559596121311188,0.0018610714469105005,0.0009483572212047875,0
https://i.4cdn.org/out/1748158311017719.jpg,0.0018148103263229132,0.0029061702080070972,0.0007891763234511018,0
https://i.4cdn.org/out/1748147345684939.jpg,0.00572632160037756,0.008932317607104778,0.04777306318283081,0
https://i.4cdn.org/out/1748156580459125.jpg,0.004938997328281403,0.006334098521620035,0.009754532016813755,0
https://i.4cdn.org/out/1747977494033896.png,0.001010662061162293,0.0019707835745066404,0.0006651144940406084,0
https://i.4cdn.org/out/1747977555363885.png,0.0012633493170142174,0.0024452970828861,0.0009962993208318949,0
https://i.4cdn.org/out/1747977616015626.jpg,0.001231754315085709,0.002150501823052764,0.0011055967770516872,0
https://i.4cdn.org/out/1747977676603838.png,0.0010407809168100357,0.001977326115593314,0.0009566298685967922,0
https://i.4cdn.org/out/1748150285829645.jpg,0.0012203672667965293,0.002177084796130657,0.0010321192676201463,0
https://i.4cdn.org/out/1747829097474682.jpg,0.002234794432297349,0.0032563619315624237,0.000852846831548959,0
https://i.4cdn.org/out/1748109555500676.png,0.0010421520564705133,0.0018943443428725004,0.0004917353508062661,0
https://i.4cdn.org/out/1748144418412936.jpg,0.027183696627616882,0.030161431059241295,0.0062800925225019455,0
https://i.4cdn.org/out/1747963562209182.jpg,0.0011902472469955683,0.002013003919273615,0.0006995434523560107,0
https://i.4cdn.org/out/1747963958679942.jpg,0.0020370404236018658,0.0032203909941017628,0.0005126767791807652,0
https://i.4cdn.org/out/1748138618544700.jpg,0.02578788995742798,0.027679380029439926,0.0028717119712382555,0
https://i.4cdn.org/out/1748115122680644.jpg,0.0009969412349164486,0.0018370759207755327,0.0011841064551845193,0
https://i.4cdn.org/out/1748147621717213.jpg,0.00602403050288558,0.020902451127767563,0.0009664238896220922,0
https://i.4cdn.org/out/1748135906176649.jpg,0.003418915905058384,0.005371065344661474,0.013024966232478619,0
https://i.4cdn.org/out/1747776089922987.jpg,0.0012170466361567378,0.001939721405506134,0.0008988576591946185,0
https://i.4cdn.org/out/1747780294599287.jpg,0.031565338373184204,0.04678888991475105,0.00309363123960793,0
https://i.4cdn.org/out/1747685183668850.jpg,0.0019403280457481742,0.002993375528603792,0.0022991434670984745,0
https://i.4cdn.org/out/1748127625458329.png,0.0014804676175117493,0.0028648513834923506,0.0010083307279273868,0
https://i.4cdn.org/out/1748046503571373.jpg,0.0016042133793234825,0.002848873846232891,0.000648874556645751,0
https://i.4cdn.org/out/1747430372050816.jpg,0.0012793883215636015,0.0022614202462136745,0.0008621643646620214,0
https://i.4cdn.org/out/1748046215731137.png,0.018058037385344505,0.022392598912119865,0.005993920378386974,0
https://i.4cdn.org/out/1748059499829558.jpg,0.0006988069508224726,0.0014826908009126782,0.00048257954767905176,0
https://i.4cdn.org/out/1747912313374646.jpg,0.0009822100400924683,0.002384296152740717,0.006069727707654238,0
https://i.4cdn.org/out/1747684875044399.jpg,0.0013648762833327055,0.0022257347591221333,0.0010075245518237352,0
https://i.4cdn.org/out/1747790437953109.jpg,0.002384091028943658,0.0034946207888424397,0.0031576426699757576,0
https://i.4cdn.org/out/1747792700670179.jpg,0.026715295389294624,0.251147985458374,0.002064167521893978,0
https://i.4cdn.org/out/1748043464656817.jpg,0.02040732279419899,0.02775302156805992,0.0020207976922392845,0
https://i.4cdn.org/out/1747942375435728.jpg,0.0011390026193112135,0.002096320502460003,0.000949065200984478,0
https://i.4cdn.org/out/1747922906756235.png,0.02828618325293064,0.033924348652362823,0.002387142973020673,0
https://i.4cdn.org/out/1747525491806311.png,0.0012444808380678296,0.0022276989184319973,0.0008978421683423221,0
https://i.4cdn.org/out/1747965394504726.jpg,0.013552550226449966,0.017972908914089203,0.0018111879471689463,0
https://i.4cdn.org/out/1747954508043030.png,0.0023997316602617502,0.0037112832069396973,0.0013847455848008394,0
https://i.4cdn.org/out/1747785733129237.jpg,0.00130854407325387,0.002358198631554842,0.0011118054389953613,0
https://i.4cdn.org/out/1747865825471921.jpg,0.012826455757021904,0.014717536978423595,0.012388652190566063,0
https://i.4cdn.org/out/1747867754811613.jpg,0.002076689852401614,0.004427292849868536,0.019166070967912674,0
https://i.4cdn.org/out/1747961226515369.jpg,0.0014957244275137782,0.002814067527651787,0.0009919534204527736,0
https://i.4cdn.org/out/1747884883074341.jpg,0.0012707492569461465,0.002166480291634798,0.0009015448740683496,0
https://i.4cdn.org/out/1747790263333190.jpg,0.0038645935710519552,0.006157368421554565,0.0048141079023480415,0
https://i.4cdn.org/out/1747580284537842.jpg,0.009861132130026817,0.0156172476708889,0.0009718443616293371,0
https://i.4cdn.org/out/1747809279734761.jpg,0.005117033142596483,0.00688299210742116,0.5519325137138367,0
https://i.4cdn.org/out/1747337656365726.png,0.0027060534339398146,0.0037146867252886295,0.0007575759664177895,0
https://i.4cdn.org/out/1747805127356189.jpg,0.028819933533668518,0.032913126051425934,0.3930402994155884,0
https://i.4cdn.org/out/1747800706252311.jpg,0.0014778149779886007,0.002583830151706934,0.0008198398281820118,0
https://i.4cdn.org/out/1747517334184439.jpg,0.0016755445394665003,0.0022567494306713343,0.018631836399435997,0
https://i.4cdn.org/out/1747738184987623.jpg,0.001331661711446941,0.0023605874739587307,0.000819384353235364,0
https://i.4cdn.org/out/1747798451697505.jpg,0.001710440032184124,0.002627399517223239,0.0005794499884359539,1
https://i.4cdn.org/out/1747798705114213.jpg,0.010065103881061077,0.012748926877975464,0.004005418159067631,1
https://i.4cdn.org/out/1747754320198574.jpg,0.0011020777747035027,0.0019240088295191526,0.0007415557629428804,0
https://i.4cdn.org/out/1747746032420931.png,0.008724387735128403,0.011101560667157173,0.0006911570089869201,0
https://i.4cdn.org/out/1747746152948886.jpg,0.001676955376751721,0.002838651416823268,0.0007190233445726335,0
https://i.4cdn.org/out/1747703881927165.jpg,0.022265413776040077,0.0275710541754961,0.0016127342823892832,0
https://i.4cdn.org/out/1747708246545171.jpg,0.003992680460214615,0.00611491035670042,0.072280652821064,0
https://i.4cdn.org/out/1747729662599106.jpg,0.007370560429990292,0.010927215218544006,0.6117458939552307,0
https://i.4cdn.org/out/1747702843416500.jpg,0.0014207729836925864,0.0023051509633660316,0.0009724038536660373,0
https://i.4cdn.org/out/1747657411945870.jpg,0.002032715594395995,0.0029153546784073114,0.0024365067947655916,0
https://i.4cdn.org/out/1747670920333663.png,0.06055018678307533,0.11645457148551941,0.010506770573556423,0
https://i.4cdn.org/out/1747671879433317.png,0.000597726902924478,0.0011253533884882927,0.0005070187035016716,0
https://i.4cdn.org/out/1746684620466882.jpg,0.0019109147833660245,0.0033100047148764133,0.004154331516474485,0
https://i.4cdn.org/out/1747573045673043.jpg,0.02555638737976551,0.0360078364610672,0.4397614002227783,0
https://i.4cdn.org/out/1746395634887682.png,0.007287842221558094,0.009208117611706257,0.001557025359943509,0
https://i.4cdn.org/out/1747534329952438.jpg,0.0010987644782289863,0.001893774140626192,0.0008585472824051976,0
https://i.4cdn.org/out/1747519671349918.jpg,0.0015479298308491707,0.0034485035575926304,0.003570214379578829,0
https://i.4cdn.org/out/1747171903685489.jpg,0.0009206772083416581,0.0016372936079278588,0.0005087484605610371,0
https://i.4cdn.org/out/1747514434824184.jpg,0.0011342717334628105,0.0020225229673087597,0.0007359637529589236,0
https://i.4cdn.org/out/1747514667108302.jpg,0.0015788492746651173,0.0026510818861424923,0.0011540703708305955,0
https://i.4cdn.org/out/1747514766863065.jpg,0.0011378747876733541,0.0020825525280088186,0.0006725133862346411,0
https://i.4cdn.org/out/1747515107356243.jpg,0.0012831452768296003,0.002279347274452448,0.0008632706594653428,0
https://i.4cdn.org/out/1747515195026949.jpg,0.001046506455168128,0.0018675539176911116,0.0007277743425220251,0
https://i.4cdn.org/out/1747451567215275.jpg,0.0022733688820153475,0.007330985739827156,0.0009405448217876256,0
https://i.4cdn.org/out/1747451773697437.jpg,0.001807330409064889,0.0027564656920731068,0.0006040885928086936,0
https://i.4cdn.org/out/1747504565520560.png,0.0013496389146894217,0.0023333383724093437,0.0009403075673617423,0
https://i.4cdn.org/out/1748117939026574.jpg,0.0013450928963720798,0.002351973205804825,0.0008859121589921415,0
https://i.4cdn.org/out/1748120733401797.jpg,0.0011238697916269302,0.0019724855665117502,0.0009237558115273714,0
https://i.4cdn.org/out/1748127625177142.jpg,0.0010641288245096803,0.002367077162489295,0.001046186895109713,0
https://i.4cdn.org/out/1747398477825876.jpg,0.004256455227732658,0.005810927599668503,0.0008211956592276692,0
https://i.4cdn.org/out/1747326757169849.jpg,0.0013936875620856881,0.0022883103229105473,0.0007120191003195941,0
https://i.4cdn.org/out/1745961116769512.jpg,0.0013433729764074087,0.002257359679788351,0.0012874173698946834,0
https://i.4cdn.org/out/1746179225068875.png,0.0018405861919745803,0.0031059375032782555,0.0007165076676756144,0
https://i.4cdn.org/out/1747409015364720.jpg,0.0011958746472373605,0.002234600018709898,0.0007586037972941995,0
https://i.4cdn.org/out/1747359246539446.png,0.0012879567220807076,0.0022817030549049377,0.0010375225683674216,0
https://i.4cdn.org/out/1747284766642533.jpg,0.0011126024182885885,0.002046051202341914,0.0009801313281059265,0
https://i.4cdn.org/out/1747336698633542.jpg,0.001179325277917087,0.0020841017831116915,0.0008181812008842826,0
https://i.4cdn.org/out/1747192550225358.png,0.0010681258281692863,0.0020630983635783195,0.0005451437318697572,0
https://i.4cdn.org/out/1747274188013702.jpg,0.0014012805186212063,0.0023293911945074797,0.0008123586303554475,0
https://i.4cdn.org/out/1747281179578132.jpg,0.0012975146528333426,0.0021100807934999466,0.0002841252426151186,0
https://i.4cdn.org/out/1747259373724527.jpg,0.016193129122257233,0.018852880224585533,0.1516423523426056,0
https://i.4cdn.org/out/1747267940361090.png,0.0035856885369867086,0.004058370366692543,0.0009267198038287461,0
https://i.4cdn.org/out/1747167095008487.jpg,0.004121099598705769,0.0060853976756334305,0.0392763577401638,0
https://i.4cdn.org/out/1747116898965674.jpg,0.01770494133234024,0.021977867931127548,0.0012226946419104934,0
https://i.4cdn.org/out/1748205329033718.png,0.006933435332030058,0.009486973285675049,0.0014841808006167412,0
https://i.4cdn.org/out/1748100694828653.jpg,0.0011539009865373373,0.0020465762354433537,0.0008397283381782472,0
https://i.4cdn.org/out/1748189715683272.jpg,0.0014784701634198427,0.0024816314689815044,0.000758040405344218,0
https://i.4cdn.org/out/1748192928802789.jpg,0.0014015285996720195,0.002430584281682968,0.0019722122233361006,0
https://i.4cdn.org/out/1748197793441953.jpg,0.0012283342657610774,0.0020983831491321325,0.0009632543078623712,0
https://i.4cdn.org/out/1748185700562006.jpg,0.0012676166370511055,0.0020067403092980385,0.000541668210644275,0
https://i.4cdn.org/r/1748125923889241.jpg,0.9958004355430603,0.9995499849319458,0.00013227485760580748,1
https://i.4cdn.org/r/1748188441474540.jpg,0.05185559019446373,0.05558480694890022,0.008356484584510326,0
https://i.4cdn.org/r/1748195726114743.jpg,0.008058514446020126,0.010018411092460155,0.0020302445627748966,0
https://i.4cdn.org/r/1748217726680749.jpg,0.009035765193402767,0.012116985395550728,0.0020809457637369633,0
https://i.4cdn.org/r/1748230040860899.png,0.96260005235672,0.9839239716529846,0.000997124589048326,1